id,first_name,last_name,email,gender,ip_address
1,Horton,Hammill,hhammill0@npr.org,Male,224.216.193.65
2,Cammy,Brodway,cbrodway1@thetimes.co.uk,Genderfluid,32.5.94.60
3,Clarissa,Paiton,cpaiton2@csmonitor.com,Female,3.3.104.149
4,Ermin,Chicken,echicken3@forbes.com,Female,207.72.122.8
5,Siegfried,Hessentaler,shessentaler4@clickbank.net,Agender,114.126.3.105
6,Karlene,Plumbe,kplumbe5@amazon.co.jp,Male,86.32.8.140
7,Brier,Kittless,bkittless6@flickr.com,Female,150.55.15.3
8,Guenna,Earthfield,gearthfield7@cdc.gov,Male,92.104.177.88
9,Hans,Finnes,hfinnes8@mayoclinic.com,Female,147.248.247.252
10,Jamesy,Georges,jgeorges9@phpbb.com,Female,196.114.94.85
11,Erminie,Preece,epreecea@merriam-webster.com,Male,91.104.55.159
12,Shayna,Scourfield,sscourfieldb@list-manage.com,Female,110.71.218.242
13,Gerda,Dosdell,gdosdellc@4shared.com,Male,135.12.86.91
14,Hattie,Hoffmann,hhoffmannd@people.com.cn,Male,110.121.121.166
15,Elisha,Sandcroft,esandcrofte@printfriendly.com,Female,134.109.17.60
16,Leroi,Stringman,lstringmanf@sciencedaily.com,Male,209.252.16.224
17,Aidan,Suggey,asuggeyg@hibu.com,Female,210.138.123.14
18,Bronson,Ellett,belletth@flavors.me,Male,225.127.211.181
19,Sutton,Lounds,sloundsi@indiegogo.com,Male,67.173.40.111
20,Amery,Tomaselli,atomasellij@economist.com,Male,222.5.50.47
21,Karylin,Orfeur,korfeurk@ow.ly,Female,194.228.204.119
22,Sharline,Blinde,sblindel@cbsnews.com,Female,32.100.5.20
23,Petronille,Kemshell,pkemshellm@biblegateway.com,Female,222.212.231.158
24,Randi,Pougher,rpoughern@hp.com,Female,83.36.70.248
25,Sandro,Wallsworth,swallswortho@smugmug.com,Male,155.101.203.169
26,Dilly,Bristoe,dbristoep@wix.com,Female,113.163.10.91
27,Jerrome,Phebey,jphebeyq@canalblog.com,Non-binary,147.183.233.186
28,Cal,Askell,caskellr@twitter.com,Female,11.224.53.66
29,Corrinne,MacCaghan,cmaccaghans@sun.com,Male,11.4.200.53
30,Hallsy,Goolden,hgooldent@sakura.ne.jp,Non-binary,189.80.94.204
31,Gaylor,Lavington,glavingtonu@senate.gov,Female,19.5.3.20
32,Myrtice,Rey,mreyv@phpbb.com,Agender,187.179.179.4
33,Pascale,Berrow,pberroww@cnn.com,Female,109.180.164.17
34,Conchita,Daville,cdavillex@deliciousdays.com,Male,98.110.45.93
35,Elbertina,Skarin,eskariny@prlog.org,Male,213.96.233.41
36,Madel,Torel,mtorelz@economist.com,Female,9.237.15.200
37,Bo,Siddall,bsiddall10@sciencedirect.com,Female,60.223.102.12
38,Billy,McClune,bmcclune11@issuu.com,Polygender,148.37.23.18
39,Cullin,Jaulme,cjaulme12@creativecommons.org,Non-binary,201.187.116.158
40,Launce,Slight,lslight13@ed.gov,Male,96.248.9.60
41,Tracee,Dowdeswell,tdowdeswell14@ovh.net,Male,116.126.204.29
42,Merrick,Rogister,mrogister15@paginegialle.it,Non-binary,99.189.165.8
43,Jamill,Gilphillan,jgilphillan16@utexas.edu,Female,173.35.251.74
44,Kale,Iwanczyk,kiwanczyk17@sbwire.com,Female,70.49.29.154
45,Dal,Atkin,datkin18@cyberchimps.com,Male,142.51.22.22
46,Alfie,Ruffle,aruffle19@bbc.co.uk,Non-binary,183.161.157.195
47,Britte,Fasler,bfasler1a@fda.gov,Male,120.111.16.196
48,Elsie,Godain,egodain1b@ycombinator.com,Female,148.205.114.116
49,Dag,Garman,dgarman1c@netvibes.com,Female,0.142.57.235
50,Caterina,Stanway,cstanway1d@merriam-webster.com,Female,52.106.162.205
51,Jaclin,Quinnelly,jquinnelly1e@cbslocal.com,Bigender,230.112.195.158
52,Revkah,Betteson,rbetteson1f@sciencedirect.com,Male,161.88.68.131
53,Scotty,Biggadyke,sbiggadyke1g@lulu.com,Male,114.145.108.36
54,Brinn,Ellsbury,bellsbury1h@com.com,Male,127.34.93.192
55,Ivy,Finn,ifinn1i@soundcloud.com,Genderfluid,178.170.0.65
56,Pepi,Donohoe,pdonohoe1j@drupal.org,Male,215.92.35.209
57,Gael,Threlkeld,gthrelkeld1k@businessinsider.com,Female,42.193.137.125
58,Umeko,Follos,ufollos1l@prweb.com,Female,152.62.191.160
59,Pris,Doreward,pdoreward1m@is.gd,Female,65.232.225.195
60,Libbie,Sherlock,lsherlock1n@blogtalkradio.com,Male,104.77.90.86
61,Athena,Perl,aperl1o@sitemeter.com,Female,100.160.22.7
62,Yolande,De Mattei,ydemattei1p@yelp.com,Bigender,122.16.221.21
63,Barclay,Morriarty,bmorriarty1q@fc2.com,Female,248.248.151.86
64,Jonie,Adamek,jadamek1r@1und1.de,Male,117.129.40.175
65,Teodorico,Purkis,tpurkis1s@usgs.gov,Male,4.117.18.54
66,Meridel,Estrella,mestrella1t@uiuc.edu,Female,42.38.168.204
67,Linnet,Pracy,lpracy1u@aol.com,Male,16.56.160.11
68,Jude,Wallhead,jwallhead1v@hp.com,Genderfluid,230.82.145.155
69,Nero,Fitzroy,nfitzroy1w@webmd.com,Genderqueer,140.137.177.136
70,Carri,Meas,cmeas1x@apple.com,Male,184.238.149.151
71,Charline,Ewart,cewart1y@oracle.com,Female,158.222.48.147
72,Rozalie,Titterton,rtitterton1z@meetup.com,Polygender,51.244.64.47
73,Bank,Schankelborg,bschankelborg20@xrea.com,Male,82.11.249.150
74,Tremain,Crang,tcrang21@ebay.co.uk,Male,208.3.135.57
75,Alayne,Pere,apere22@geocities.jp,Male,228.136.54.216
76,Kayle,Pocknoll,kpocknoll23@geocities.jp,Male,60.211.175.251
77,Helsa,Skate,hskate24@indiegogo.com,Female,237.189.231.176
78,Elane,Mussen,emussen25@devhub.com,Male,2.93.117.233
79,Callida,Maroney,cmaroney26@spotify.com,Female,195.182.202.219
80,Ashlin,Charlon,acharlon27@homestead.com,Non-binary,160.151.42.55
81,Rodie,De'Vere - Hunt,rdeverehunt28@globo.com,Female,134.118.182.150
82,Merrilee,Dugald,mdugald29@booking.com,Male,204.32.105.170
83,Ketty,Anscombe,kanscombe2a@theglobeandmail.com,Male,168.54.134.35
84,Wit,Loche,wloche2b@cnet.com,Female,126.218.36.249
85,Jonathan,Mumberson,jmumberson2c@surveymonkey.com,Male,2.253.87.230
86,Andrey,Bright,abright2d@nbcnews.com,Female,14.200.27.196
87,Melicent,Deane,mdeane2e@about.me,Genderfluid,23.101.155.52
88,Concordia,Elloway,celloway2f@twitpic.com,Male,61.54.175.172
89,Tandy,Damper,tdamper2g@example.com,Polygender,220.143.41.16
90,Loraine,Cumbers,lcumbers2h@elegantthemes.com,Male,44.53.255.23
91,Brigit,Mattack,bmattack2i@bandcamp.com,Female,177.136.146.221
92,Trey,Ishchenko,tishchenko2j@1688.com,Male,117.14.194.206
93,Naomi,Timeby,ntimeby2k@google.ca,Male,255.22.236.239
94,Janis,Stanlike,jstanlike2l@flavors.me,Female,25.120.187.16
95,Eugenio,Woolward,ewoolward2m@squarespace.com,Female,235.113.231.26
96,Roselin,Hariot,rhariot2n@hubpages.com,Male,68.110.5.241
97,Averyl,Huot,ahuot2o@a8.net,Polygender,6.10.205.236
98,Aldon,Chettle,achettle2p@ow.ly,Female,165.229.78.228
99,Marlin,Yurov,myurov2q@oaic.gov.au,Male,211.19.128.105
100,Doralyn,Jimmes,djimmes2r@privacy.gov.au,Male,8.12.247.144
